{"cameraMode":{"drawMode":0,"name":"Shaded","section":"Shading Mode"},"sceneLighting":false,"audioPlay":false,"sceneViewState":{"showFog":true,"showMaterialUpdate":false,"showSkybox":false,"showFlares":true,"showImageEffects":true,"showParticleSystems":true},"in2DMode":false,"pivot":{"x":10.993346214294434,"y":1.474739909172058,"z":13.698217391967774},"rotation":{"x":0.029638884589076043,"y":0.6195518374443054,"z":-0.023466529324650766,"w":0.7841278314590454},"size":0.17320553958415986,"orthographic":false}